合同号,客户名,合同标题,合同总额,已回款,应收未结,合同到期日,原关闭原因,关闭时间,负责人,签订人
QT-HT-2026-3033,杭州市余杭区径山镇人民政府,杭州市余杭区径山镇人民政府-其它-2024年,828000.00,272660.00,555340.00,2024-12-30 16:00:00,overdue_terminated,2026-06-26 10:00:04,周晓晴,周晓晴
QT-HT-2026-3113,杭州市余杭区人民政府五常街道办事处,杭州市余杭区人民政府五常街道办事处-社会化服务-2025年,1786666.66,1339999.98,446666.68,2026-05-06 16:00:00,,2026-06-23 03:18:57,吴增苗,吴增苗
QT-HT-2026-3105,杭州市余杭区瓶窑镇人民政府,杭州市余杭区瓶窑镇人民政府-社会化服务-2025年,1468000.00,1095000.00,373000.00,2026-04-29 16:00:00,,2026-06-23 03:18:57,吴增苗,吴增苗
QT-HT-2026-1440,杭州市余杭区人民政府中泰街道办事处,杭州市余杭区人民政府中泰街道办事处-其它-2021年,150000.00,0,150000.00,2022-02-27 16:00:00,overdue_terminated,2026-06-26 10:00:05,胡建国,朱越华
QT-HT-2026-3087,浙江余杭经济开发区管理委员会,浙江余杭经济开发区管理委员会-社会化服务-2025年,250000.00,125000.00,125000.00,2025-12-30 16:00:00,overdue_terminated,2026-06-26 10:00:07,朱越华,朱越华
QT-HT-2026-3030,杭州市余杭区瓶窑镇人民政府,杭州市余杭区瓶窑镇人民政府-其它-2024年,95000.00,0,95000.00,2024-12-30 16:00:00,overdue_terminated,2026-06-26 10:00:06,周晓晴,周晓晴
QT-HT-2026-3036,杭州市余杭区径山镇人民政府,杭州市余杭区径山镇人民政府-其它-2024年,49600.00,0,49600.00,2024-01-30 16:00:00,overdue_terminated,2026-06-26 10:00:06,周晓晴,周晓晴
QT-HT-2026-3035,杭州市余杭区径山镇人民政府,杭州市余杭区径山镇人民政府-其它-2024年,48800.00,0,48800.00,2024-02-28 16:00:00,overdue_terminated,2026-06-26 10:00:06,周晓晴,周晓晴
QT-HT-2026-3034,杭州市余杭区径山镇人民政府,杭州市余杭区径山镇人民政府-其它-2024年,46400.00,0,46400.00,2024-03-30 16:00:00,overdue_terminated,2026-06-26 10:00:07,周晓晴,周晓晴
HZQT20240196,（园区）杭州云墨智谷新材料科技发展有限公司,（园区）杭州云墨智谷新材料科技发展有限公司-社会化服务-2024年,75000.00,37500.00,37500.00,2027-05-08 16:00:00,,2026-06-25 08:00:32,刘丽华,叶绿明
QT-HT-2026-1443,浙江创致物业服务有限公司,浙江创致物业服务有限公司-应急预案-2021年,36000.00,0,36000.00,2021-12-06 16:00:00,overdue_terminated,2026-06-26 10:00:06,叶绿明,朱越华
HZQT20240138,（园区）杭州豪友实业有限公司,（园区）杭州豪友实业有限公司-社会化服务-2024年,75000.00,50000.00,25000.00,2027-04-14 16:00:00,completed,2026-06-25 08:00:32,叶绿明,叶绿明
QT-HT-2026-1828,杭州米格电机有限公司,杭州米格电机有限公司-社会化服务-2022年,50000.00,25000.00,25000.00,2023-09-11 16:00:00,overdue_terminated,2026-06-26 10:00:02,段绘新,朱越华
QT-HT-2026-1476,杭州万事利生物科技有限公司,杭州万事利生物科技有限公司-社会化服务-2021年,43200.00,21600.00,21600.00,2021-12-30 16:00:00,,2026-06-23 03:18:57,叶绿明,朱越华
QT-HT-2026-1886,埃梯梯智慧水务科技有限公司,埃梯梯智慧水务科技有限公司-标准化咨询-2022年,50000.00,30000.00,20000.00,2023-11-29 16:00:00,overdue_terminated,2026-06-26 10:00:03,沈琳莉,吴增苗
QT-HT-2026-3152,杭州市临平区民政局,杭州市临平区民政局-社会化服务-2024年,49000.00,29400.00,19600.00,2025-07-30 16:00:00,,2026-06-23 03:18:57,李炜钢,朱越华
HZQT20240350,浙江耐而捷工具有限公司,浙江耐而捷工具有限公司-社会化服务-2024年,51000.00,34000.00,17000.00,2027-10-18 16:00:00,,2026-06-25 08:00:32,何俊,何俊
QT-HT-2026-0602,杭州华江建材有限公司,杭州华江建材有限公司-风险管控-2021年,15000.00,0,15000.00,2021-06-30 16:00:00,overdue_terminated,2026-06-26 10:00:04,叶绿明,朱越华
QT-HT-2026-2189,杭州斯鸿轩丝绸有限公司,杭州斯鸿轩丝绸有限公司-社会化服务-2023年,28000.00,14000.00,14000.00,2026-04-22 16:00:00,,2026-06-23 03:18:57,陈涛,陈涛
QT-HT-2026-1920,杭州锦富广告标识工程有限公司,杭州锦富广告标识工程有限公司-社会化服务（锦泰）-2022年,27000.00,13500.00,13500.00,2025-11-17 16:00:00,,2026-06-23 03:18:57,何俊,陈涛
QT-HT-2026-1028,杭州精诚电力设备有限公司,杭州精诚电力设备有限公司-社会化服务-2021年,25000.00,12500.00,12500.00,2022-07-05 16:00:00,overdue_terminated,2026-06-26 10:00:03,方晔华,朱越华
QT-HT-2026-0935,杭州天汇数控科技有限公司,杭州天汇数控科技有限公司-风险管控-2021年,12000.00,0,12000.00,2021-07-31 16:00:00,overdue_terminated,2026-06-26 10:00:02,胡建国,吴增苗
QT-HT-2026-2554,杭州巧兰包装制品有限公司,杭州巧兰包装制品有限公司-社会化服务（锦泰）-2023年,12000.00,0,12000.00,2024-07-05 16:00:00,overdue_terminated,2026-06-26 10:00:06,毛家栋,吴增苗
HZQT20250029,杭州九钻机械有限公司,杭州九钻机械有限公司-社会化服务-2025年,12000.00,0,12000.00,2025-12-30 16:00:00,overdue_terminated,2026-06-26 10:00:07,陈培奖,段绘新
HZQT20240339,（园区）杭州晶耀工贸有限公司,（园区）杭州晶耀工贸有限公司-社会化服务-2024年,27000.00,16800.00,10200.00,2027-10-07 16:00:00,,2026-06-25 08:00:32,陈涛,陈涛
QT-HT-2026-2599,（园区）杭州济民羊毛衫有限公司,（园区）杭州济民羊毛衫有限公司-社会化服务-2023年,30000.00,20000.00,10000.00,2026-07-10 16:00:00,,2026-06-25 08:00:32,何俊,丁婷芳
QT-HT-2026-3128,浙江楠宋瓷业有限公司,浙江楠宋瓷业有限公司-风险管控-2025年,10000.00,0,10000.00,2025-07-30 16:00:00,overdue_terminated,2026-06-26 10:00:06,陈尔平,朱越华
QT-HT-2026-1748,杭州御航广告有限公司,杭州御航广告有限公司-风险管控-2022年,10000.00,0,10000.00,2022-09-29 16:00:00,overdue_terminated,2026-06-26 10:00:04,胡建国,吴增苗
QT-HT-2026-0548,杭州沐辰家居有限公司,杭州沐辰家居有限公司-风险管控-2021年,10000.00,0,10000.00,2021-04-14 16:00:00,overdue_terminated,2026-06-26 10:00:04,杨正洪,吴增苗
QT-HT-2026-2518,杭州宝菱重工机械有限公司,杭州宝菱重工机械有限公司-社会化服务-2023年,30000.00,20000.00,10000.00,2026-06-07 16:00:00,,2026-06-23 03:18:57,何俊,沈琳莉
QT-HT-2026-2523,（园区）杭州汇吉实业有限公司,（园区）杭州汇吉实业有限公司-社会化服务-2023年,30000.00,20000.00,10000.00,2026-06-07 16:00:00,,2026-06-23 03:18:57,陈涛,陈涛
QT-HT-2026-1646,埃德玛香精（杭州）有限公司,埃德玛香精（杭州）有限公司-社会化服务（锦泰）-2022年,30000.00,20000.00,10000.00,2025-05-23 16:00:00,,2026-06-23 03:18:57,陈培奖,朱越华
HZQT20240222,杭州全成金属制品有限公司,杭州全成金属制品有限公司-社会化服务-2024年,30000.00,20000.00,10000.00,2027-06-15 16:00:00,,2026-06-25 08:00:32,李文俊,李文俊
HZQT20250091,（园区）杭州信筱贸易有限公司,（园区）杭州信筱贸易有限公司-社会化服务-2025年,10000.00,0,10000.00,2026-03-26 16:00:00,overdue_terminated,2026-06-26 10:00:06,陈涛,陈涛
QT-HT-2026-1862,杭州今日印刷科技有限公司,杭州今日印刷科技有限公司-社会化服务-2022年,30000.00,20000.00,10000.00,2025-10-30 16:00:00,,2026-06-23 03:18:57,陈涛,朱越华
HZJT20240260,杭州巧兰包装制品有限公司,杭州巧兰包装制品有限公司-社会化服务（锦泰）-2024年,10000.00,0,10000.00,2025-11-02 16:00:00,overdue_terminated,2026-06-26 10:00:06,黄杰,吴增苗
HZQT20240353,杭州松井包装有限公司,杭州松井包装有限公司-社会化服务-2024年,27000.00,18000.00,9000.00,2027-12-08 16:00:00,,2026-06-25 08:00:32,何俊,何俊
QT-HT-2026-2101,归创通桥医疗科技股份有限公司,归创通桥医疗科技股份有限公司-标准化咨询-2023年,18000.00,9000.00,9000.00,2025-03-30 16:00:00,,2026-06-23 03:18:57,沈陈强,朱越华
QT-HT-2026-1071,杭州飞玛汽车服务有限公司,杭州飞玛汽车服务有限公司-风险管控-2021年,9000.00,0,9000.00,2021-09-01 16:00:00,overdue_terminated,2026-06-26 10:00:04,彭代中,彭代中
QT-HT-2026-0195,杭州万立特布艺有限公司,杭州万立特布艺有限公司-风险管控-2021年,9000.00,0,9000.00,2022-01-30 16:00:00,overdue_terminated,2026-06-26 10:00:04,陈卫杰,许海菲
HZQT20240075,杭州欧特包装有限公司,杭州欧特包装有限公司-安全生产台账-2024年,9000.00,0,9000.00,2025-09-29 16:00:00,overdue_terminated,2026-06-26 10:00:05,李文俊,李文俊
QT-HT-2026-1737,杭州富义仓米业有限公司,杭州富义仓米业有限公司-风险管控（华增）-2022年,8500.00,0,8500.00,2022-08-30 16:00:00,overdue_terminated,2026-06-26 10:00:04,胡建国,沈琳莉
QT-HT-2026-2209,杭州杭子木业有限公司,杭州杭子木业有限公司-标准化咨询（锦泰）-2023年,8000.00,0,8000.00,2026-04-29 16:00:00,overdue_terminated,2026-06-28 16:00:03,施佳鑫,吴增苗
QT-HT-2026-0258,杭州慧杭包装有限公司,杭州慧杭包装有限公司-社会化服务（锦泰）-2021年,15000.00,7000.00,8000.00,2024-02-23 16:00:00,overdue_terminated,2026-06-26 10:00:02,赵丽琴,吴增苗
HZJT20240011,杭州雄睿铜装饰工程有限公司,杭州雄睿铜装饰工程有限公司-安全生产台账（锦泰）-2024年,24000.00,16000.00,8000.00,2027-01-08 16:00:00,,2026-06-25 08:00:32,沈陈强,沈陈强
HZQT20240234,杭州三强安全防护用品有限公司,杭州三强安全防护用品有限公司-安全生产台账-2024年,24000.00,16000.00,8000.00,2027-06-15 16:00:00,,2026-06-25 08:00:32,孙国茗,孙国茗
HZQT20250150,万通智控科技股份有限公司,万通智控科技股份有限公司-风险管控-2025年,15000.00,7500.00,7500.00,2025-11-29 16:00:00,overdue_terminated,2026-06-26 10:00:06,何俊,何俊
QT-HT-2026-0792,杭州万立特布艺有限公司,杭州万立特布艺有限公司-标准化咨询-2021年,7500.00,0,7500.00,2022-03-31 16:00:00,overdue_terminated,2026-06-26 10:00:02,许海菲,吴增苗
HZJT20240139,杭州檀香阁科技有限公司,杭州檀香阁科技有限公司-危化品专家意见书（锦泰）-2024年,7000.00,0,7000.00,2024-08-30 16:00:00,overdue_terminated,2026-06-26 10:00:06,徐德国,杨殿斌
QT-HT-2026-3201,杭州索恩势界贸易有限公司,杭州索恩势界贸易有限公司-其它-2026年,7000.00,0,7000.00,2026-02-07 16:00:00,overdue_terminated,2026-06-26 10:00:06,孙国茗,孙国茗
QT-HT-2026-1575,杭州海玄标牌有限公司,杭州海玄标牌有限公司-标准化换证（锦泰）-2022年,7000.00,0,7000.00,2023-03-30 16:00:00,overdue_terminated,2026-06-26 10:00:04,沈琳莉,倪越昌
QT-HT-2026-1604,杭州亿展新材料有限公司,杭州亿展新材料有限公司-社会化服务-2022年,7000.00,0,7000.00,2023-04-17 16:00:00,overdue_terminated,2026-06-26 10:00:05,段绘新,朱越华
QT-HT-2026-3067,杭州敏程科技有限公司,杭州敏程科技有限公司-安全生产台账（锦泰）-2024年,6500.00,0,6500.00,2025-12-02 16:00:00,overdue_terminated,2026-06-26 10:00:07,沈陈强,沈陈强
HZQT20240090,杭州金达塑业有限公司,杭州金达塑业有限公司-社会化服务-2024年,18000.00,12000.00,6000.00,2027-03-07 16:00:00,,2026-06-25 08:00:32,何俊,何俊
HZQT20240364,杭州鸿旷机械有限公司,杭州鸿旷机械有限公司-风险管控-2024年,6000.00,0,6000.00,2024-11-29 16:00:00,overdue_terminated,2026-06-26 10:00:06,李文俊,李文俊
QT-HT-2026-0934,杭州天汇数控科技有限公司,杭州天汇数控科技有限公司-社会化服务（锦泰）-2021年,6000.00,0,6000.00,2022-06-16 16:00:00,overdue_terminated,2026-06-26 10:00:03,俞红霞,吴增苗
HZJT2024083,杭州百耀包装科技有限公司,杭州百耀包装科技有限公司-安全生产台账（锦泰）-2024年,6000.00,0,6000.00,2025-04-18 16:00:00,overdue_terminated,2026-06-26 10:00:06,丁婷芳,丁婷芳
QT-HT-2026-2782,杭州超涵包装制品有限公司,杭州超涵包装制品有限公司-危化品专家意见书-2023年,6000.00,0,6000.00,2023-11-29 16:00:00,overdue_terminated,2026-06-26 10:00:07,段绘新,赵丽琴
QT-HT-2026-2688,杭州正盟环保工程有限公司,杭州正盟环保工程有限公司-风险管控-2023年,6000.00,0,6000.00,2024-08-31 16:00:00,overdue_terminated,2026-06-26 10:00:05,陈尔平,沈琳莉
QT-HT-2026-2799,杭州昱好塑料包装有限公司,杭州昱好塑料包装有限公司-危化品专家意见书-2023年,6000.00,0,6000.00,2024-10-30 16:00:00,overdue_terminated,2026-06-26 10:00:07,段绘新,赵丽琴
HZJT20240283,杭州双喜轴承配件有限公司,杭州双喜轴承配件有限公司-安全生产台账（锦泰）-2024年,6000.00,0,6000.00,2025-11-18 16:00:00,overdue_terminated,2026-06-26 10:00:06,沈陈强,沈陈强
QT-HT-2026-0977,杭州龙跃冷拉钢丝厂,杭州龙跃冷拉钢丝厂-社会化服务（锦泰）-2021年,18000.00,12000.00,6000.00,2024-06-22 16:00:00,,2026-06-23 03:18:57,沈陈强,姜发水
QT-HT-2026-3226,杭州上腾自动化仪表有限公司,杭州上腾自动化仪表有限公司-危化品专家意见书-2026年,6000.00,0,6000.00,2026-04-29 16:00:00,overdue_terminated,2026-06-28 16:00:05,徐德国,朱越华
QT-HT-2026-3235,杭州气韵联芯科技有限公司,杭州气韵联芯科技有限公司-风险管控-2026年,6000.00,0,6000.00,2026-04-29 16:00:00,overdue_terminated,2026-06-28 16:00:05,杨殿斌,沈琳莉
HZJT20240151,（园区）杭州茵锦科技有限公司,（园区）杭州茵锦科技有限公司-安全生产台账（锦泰）-2024年,16500.00,11000.00,5500.00,2027-07-18 16:00:00,,2026-06-25 08:00:32,丁婷芳,丁婷芳
QT-HT-2026-3004,杭州雅轩丝绸有限公司,杭州雅轩丝绸有限公司-安全生产台账-2024年,15000.00,10000.00,5000.00,2027-04-08 16:00:00,,2026-06-25 08:00:32,孙国茗,孙国茗
HZJT20250063,杭州鑫辰防水科技有限公司,杭州鑫辰防水科技有限公司-安全生产台账（锦泰）-2025年,5000.00,0,5000.00,2026-02-24 16:00:00,overdue_terminated,2026-06-26 10:00:06,沈陈强,沈陈强
HZJT20250275,杭州银玛机械设备制造有限公司,杭州银玛机械设备制造有限公司-安全生产台账（锦泰）-2025年,5000.00,0,5000.00,2026-03-18 16:00:00,overdue_terminated,2026-06-26 10:00:06,施佳鑫,陈尔平
QT-HT-2026-2165,杭州杭子木业有限公司,杭州杭子木业有限公司-安全生产台账（锦泰）-2023年,5000.00,0,5000.00,2024-04-15 16:00:00,overdue_terminated,2026-06-26 10:00:06,施佳鑫,吴增苗
HZQT20240279,杭州华帆织造有限公司,杭州华帆织造有限公司-安全生产台账-2024年,15000.00,10000.00,5000.00,2027-07-20 16:00:00,,2026-06-25 08:00:32,丁婷芳,丁婷芳
QT-HT-2026-1986,杭州大爱服饰有限公司,杭州大爱服饰有限公司-社会化服务（锦泰）-2023年,15000.00,10000.00,5000.00,2026-02-09 16:00:00,,2026-06-23 03:18:57,沈陈强,沈琳莉
HZQT20250170,杭州智雅木业有限公司,杭州智雅木业有限公司-风险管控（锦泰）-2025年,5000.00,0,5000.00,2025-08-30 16:00:00,overdue_terminated,2026-06-26 10:00:06,陈涛,陈涛
QT-HT-2026-1731,杭州海的动力机械股份有限公司,杭州海的动力机械股份有限公司-社会化服务-2022年,10000.00,5000.00,5000.00,2023-08-13 16:00:00,overdue_terminated,2026-06-26 10:00:03,段绘新,段绘新
HZQT20240216,杭州余杭区塘栖镇天叶洗涤服务部,杭州余杭区塘栖镇天叶洗涤服务部-安全生产台账-2024年,5000.00,0,5000.00,2025-05-08 16:00:00,overdue_terminated,2026-06-26 10:00:06,赵丽琴,赵丽琴
HZQT20240152,杭州富斯立精密机械有限公司,杭州富斯立精密机械有限公司-安全生产台账-2024年,5000.00,0,5000.00,2025-04-23 16:00:00,overdue_terminated,2026-06-26 10:00:06,孙国茗,孙国茗
HZJT20250046,杭州梁筑机械有限公司,杭州梁筑机械有限公司-危化品专家意见书（锦泰）-2025年,5000.00,0,5000.00,2025-05-30 16:00:00,overdue_terminated,2026-06-26 10:00:07,段绘新,杜成祥
HZQT20250271,杭州恒雄展示器材有限公司,杭州恒雄展示器材有限公司-风险管控-2025年,5000.00,0,5000.00,2025-12-30 16:00:00,overdue_terminated,2026-06-26 10:00:06,刘丽华,朱越华
HZJT20240118,杭州余杭区瓶窑镇鼎越金属加工厂,杭州余杭区瓶窑镇鼎越金属加工厂-风险管控（锦泰）-2024年,5000.00,0,5000.00,2024-07-30 16:00:00,overdue_terminated,2026-06-26 10:00:06,方晔华,沈陈强
QT-HT-2026-1343,杭州汇浩网络科技有限公司,杭州汇浩网络科技有限公司-标准化咨询-2020年,5000.00,0,5000.00,2022-11-29 16:00:00,overdue_terminated,2026-06-26 10:00:03,周晓晴,朱越华
HZQT20240148,杭州倍沃医学科技有限公司,杭州倍沃医学科技有限公司-标准化咨询-2024年,10000.00,5000.00,5000.00,2027-04-29 16:00:00,completed,2026-06-25 08:00:32,施佳鑫,褚豪亮
HZJT20240105,杭州纸做包装有限公司,杭州纸做包装有限公司-安全生产台账（锦泰）-2024年,5000.00,0,5000.00,2025-06-06 16:00:00,overdue_terminated,2026-06-26 10:00:07,孙国茗,孙国茗
HZQT20240381,杭州塘梅食品有限公司,杭州塘梅食品有限公司-安全生产台账-2024年,15000.00,10000.00,5000.00,2027-11-29 16:00:00,,2026-06-25 08:00:32,赵丽琴,沈琳莉
HZCY2026001,浙江海创医疗器械有限公司,浙江海创医疗器械有限公司-风险管控（锦泰）-2026年,4500.00,0,4500.00,2026-04-29 16:00:00,overdue_terminated,2026-06-28 16:00:06,李文俊,陈尔平
HZJT20250088,杭州竟高科技有限公司,杭州竟高科技有限公司-风险管控（锦泰）-2025年,4500.00,0,4500.00,2025-08-30 16:00:00,overdue_terminated,2026-06-26 10:00:06,黄杰,吴增苗
QT-HT-2026-2260,浙江浙开电气有限公司,浙江浙开电气有限公司-风险管控-2023年,8000.00,4000.00,4000.00,2023-07-30 16:00:00,overdue_terminated,2026-06-26 10:00:03,陈尔平,朱越华
QT-HT-2026-3198,杭州鸿科建筑模型设计有限公司,杭州鸿科建筑模型设计有限公司-风险管控（锦泰）-2026年,4000.00,0,4000.00,2026-02-27 16:00:00,overdue_terminated,2026-06-26 10:00:07,胡建国,沈琳莉
HZJT20250266,杭州星慧电器有限公司,杭州星慧电器有限公司-社会化服务-2025年,8000.00,4000.00,4000.00,2026-04-23 16:00:00,overdue_terminated,2026-06-26 10:00:06,黄杰,黄杰
QT-HT-2026-2712,杭州景轩广告展览有限公司,杭州景轩广告展览有限公司-安全生产台账（锦泰）-2023年,4000.00,0,4000.00,2024-09-06 16:00:00,overdue_terminated,2026-06-26 10:00:05,施佳鑫,陈涛
HZJT20250133,杭州上得新材料科技有限公司,杭州上得新材料科技有限公司-风险管控（锦泰）-2025年,4000.00,0,4000.00,2025-09-29 16:00:00,overdue_terminated,2026-06-26 10:00:04,陈涛,陈涛
QT-HT-2026-0111,杭州轩慧电子有限公司,杭州轩慧电子有限公司-风险管控-2021年,8000.00,4000.00,4000.00,2021-03-31 16:00:00,overdue_terminated,2026-06-26 10:00:02,胡建国,朱越华
HZQT20240201,杭州锐镛精密机械有限公司,杭州锐镛精密机械有限公司-安全生产台账-2024年,4000.00,0,4000.00,2025-05-19 16:00:00,overdue_terminated,2026-06-26 10:00:06,孙国茗,孙国茗
HZJT20250101,杭州余杭区中泰街道君悦乐器包装厂,杭州余杭区中泰街道君悦乐器包装厂-安全生产台账（锦泰）-2025年,4000.00,0,4000.00,2026-03-09 16:00:00,overdue_terminated,2026-06-26 10:00:07,黄杰,黄杰
HZJT20240169,杭州蓝润中空玻璃有限公司,杭州蓝润中空玻璃有限公司-安全生产台账（锦泰）-2024年,4000.00,0,4000.00,2025-04-22 16:00:00,overdue_terminated,2026-06-26 10:00:06,沈陈强,沈陈强
HZJT2026074,杭州广众电器有限公司,杭州广众电器有限公司-风险管控（锦泰）-2025年,4000.00,0,4000.00,2025-11-29 16:00:00,overdue_terminated,2026-06-26 10:00:04,方晔华,沈陈强
HZQT20240154,杭州迈驰除湿净化设备有限公司,杭州迈驰除湿净化设备有限公司-安全生产台账-2024年,12000.00,8000.00,4000.00,2027-04-24 16:00:00,,2026-06-25 08:00:32,孙国茗,孙国茗
QT-HT-2026-2844,杭州盈升钢铁有限公司,杭州盈升钢铁有限公司-安全生产台账-2023年,10500.00,7000.00,3500.00,2026-10-29 16:00:00,,2026-06-25 08:00:32,赵丽琴,沈琳莉
HZJT20250034,杭州滨彩精密五金有限公司,杭州滨彩精密五金有限公司-安全生产台账（锦泰）-2025年,3500.00,0,3500.00,2026-03-23 16:00:00,overdue_terminated,2026-06-26 10:00:06,施佳鑫,施佳鑫
QT-HT-2026-0001,杭州万立特布艺有限公司,杭州万立特布艺有限公司-社会化服务（锦泰）-2020年,5000.00,2000.00,3000.00,2021-12-16 16:00:00,overdue_terminated,2026-06-26 10:00:05,许海菲,许海菲
QT-HT-2026-3065,视睿（杭州）信息科技有限公司,视睿（杭州）信息科技有限公司-风险管控-2024年,6000.00,3000.00,3000.00,2025-01-30 16:00:00,overdue_terminated,2026-06-26 10:00:06,胡建国,胡建国
HZJT20240245,杭州荣达电器元件有限公司,杭州荣达电器元件有限公司-安全生产台账（锦泰）-2024年,9000.00,6000.00,3000.00,2027-08-28 16:00:00,,2026-06-25 08:00:32,沈陈强,沈陈强
QT-HT-2026-3013,杭州顶华木材有限公司,杭州顶华木材有限公司-风险管控-2024年,6000.00,3000.00,3000.00,2024-07-30 16:00:00,,2026-06-23 03:18:57,徐德国,沈陈强
HZQT2026010-DUP1,杭州惠宏仪表配件有限公司,杭州惠宏仪表配件有限公司-风险管控-2026年,6000.00,3000.00,3000.00,2026-04-29 16:00:00,overdue_terminated,2026-06-28 16:00:05,胡建国,朱越华
QT-HT-2026-1070,杭州飞玛汽车服务有限公司,杭州飞玛汽车服务有限公司-安全生产台账-2021年,3000.00,0,3000.00,2021-09-01 16:00:00,overdue_terminated,2026-06-26 10:00:03,俞红霞,彭代中
QT-HT-2026-3014,杭州顶华木材有限公司,杭州顶华木材有限公司-安全生产台账（锦泰）-2024年,6000.00,3000.00,3000.00,2025-05-15 16:00:00,overdue_terminated,2026-06-26 10:00:07,沈陈强,沈陈强
QT-HT-2026-3221,杭州永正电气有限公司,杭州永正电气有限公司-危化品专家意见书（锦泰）-2026年,2800.00,0,2800.00,2026-04-29 16:00:00,overdue_terminated,2026-06-28 16:00:03,陈尔平,沈琳莉
QT-HT-2026-2477,杭州余杭区瓶窑镇浩仕食品商行,杭州余杭区瓶窑镇浩仕食品商行-安全生产台账-2023年,2500.00,0,2500.00,2023-06-29 16:00:00,overdue_terminated,2026-06-26 10:00:05,孙国茗,陈涛
QT-HT-2026-3199,杭州鸿科建筑模型设计有限公司,杭州鸿科建筑模型设计有限公司-安全生产台账（锦泰）-2025年,2000.00,0,2000.00,2026-01-30 16:00:00,overdue_terminated,2026-06-26 10:00:07,沈陈强,沈琳莉
QT-HT-2026-3049,杭州蓝润中空玻璃有限公司,杭州蓝润中空玻璃有限公司-安全生产台账-2024年,2000.00,0,2000.00,2024-08-06 16:00:00,overdue_terminated,2026-06-26 10:00:07,沈陈强,沈陈强
HZJT2026033,杭州利乐纸管有限公司,杭州利乐纸管有限公司-安全生产台账（锦泰）-2026年,2000.00,0,2000.00,2026-03-30 16:00:00,overdue_terminated,2026-06-26 10:00:07,丁红英,丁红英
QT-HT-2026-3091,杭州明锐织带机有限公司,杭州明锐织带机有限公司-风险管控（锦泰）-2025年,4000.00,2000.00,2000.00,2025-03-20 16:00:00,overdue_terminated,2026-06-26 10:00:07,徐德国,徐德国
HZJT2026025,杭州凯盛食品有限公司,杭州凯盛食品有限公司-安全生产台账（锦泰）-2026年,1800.00,0,1800.00,2026-03-30 16:00:00,overdue_terminated,2026-06-26 10:00:07,丁红英,丁红英
HZQT20250098,杭州市余杭区瓶窑镇人民政府,杭州市余杭区瓶窑镇人民政府-其它-2025年,95000.00,93400.00,1600.00,2025-12-30 16:00:00,,2026-06-23 03:18:57,吴增苗,吴增苗
HZJT2026009,杭州建龙机械制造有限公司,杭州建龙机械制造有限公司-其它-2026年,1000.00,0,1000.00,2026-01-30 16:00:00,overdue_terminated,2026-06-26 10:00:06,陈培奖,沈琳莉
HZJT20240269,杭州仁合电子科技有限公司,杭州仁合电子科技有限公司-危化品专家意见书（锦泰）-2024年,0.01,0,0.01,2025-01-30 16:00:00,overdue_terminated,2026-06-26 10:00:06,徐德国,杨殿斌
QT-HT-2026-2050,杭州朗昱成套电器设备有限公司,杭州朗昱成套电器设备有限公司-风险管控-2023年,0.01,0,0.01,2023-06-29 16:00:00,overdue_terminated,2026-06-26 10:00:06,段绘新,倪越昌
QT-HT-2026-2094,杭州澳航木业有限公司,杭州澳航木业有限公司-标准化咨询-2023年,0.01,0,0.01,2023-08-03 16:00:00,overdue_terminated,2026-06-26 10:00:06,孙国茗,陈涛
QT-HT-2026-2227,浙江振久捷能源科技有限责任公司,浙江振久捷能源科技有限责任公司-社会化服务-2023年,0.01,0,0.01,2024-04-26 16:00:00,overdue_terminated,2026-06-26 10:00:06,施佳鑫,胡建国
QT-HT-2026-2263,杭州刘洋餐具包装有限公司,杭州刘洋餐具包装有限公司-安全生产台账（锦泰）-2023年,0.01,0,0.01,2023-07-30 16:00:00,overdue_terminated,2026-06-26 10:00:06,沈陈强,吴增苗
HZJT20250141,杭州厘米钣金智造有限公司,杭州厘米钣金智造有限公司-危化品专家意见书（锦泰）-2025年,0.01,0,0.01,2025-08-30 16:00:00,overdue_terminated,2026-06-26 10:00:06,叶绿明,胡建国
QT-HT-2026-2612,杭州佳浩机械有限公司,杭州佳浩机械有限公司-风险管控-2023年,0.01,0,0.01,2023-09-05 16:00:00,overdue_terminated,2026-06-26 10:00:06,方晔华,方晔华
QT-HT-2026-2611,杭州佳浩机械有限公司,杭州佳浩机械有限公司-安全生产台账-2023年,0.01,0,0.01,2023-09-05 16:00:00,overdue_terminated,2026-06-26 10:00:06,方晔华,方晔华
QT-HT-2026-2790,杭州舒桓纸张有限公司,杭州舒桓纸张有限公司-安全生产台账-2023年,0.01,0,0.01,2023-10-30 16:00:00,overdue_terminated,2026-06-26 10:00:07,方晔华,胡建国
QT-HT-2026-2917,杭州巴固机械制造有限公司,杭州巴固机械制造有限公司-危化品专家意见书-2023年,0.01,0,0.01,2024-01-06 16:00:00,overdue_terminated,2026-06-26 10:00:07,段绘新,叶绿明
HZQT20240077-DUP1,浙江聚英微半导体科技有限公司,浙江聚英微半导体科技有限公司-应急预案-2024年,0.01,0,0.01,2024-08-30 16:00:00,overdue_terminated,2026-06-26 10:00:07,段绘新,段绘新
HZQT20240208-DUP1,杭州晖达食品科技有限公司,杭州晖达食品科技有限公司-安全生产台账-2024年,0.01,0,0.01,2024-05-30 16:00:00,overdue_terminated,2026-06-26 10:00:07,刘丽华,朱越华
QT-HT-2026-3028,杭州巨星新材料科技有限公司,杭州巨星新材料科技有限公司-风险管控-2024年,0.01,0,0.01,2024-06-29 16:00:00,overdue_terminated,2026-06-26 10:00:07,刘丽华,朱越华
HZJT20240266-1,杭州意达进出口有限公司,杭州意达进出口有限公司-安全生产台账（锦泰）-2024年,0.01,0,0.01,2024-12-30 16:00:00,overdue_terminated,2026-06-26 10:00:07,施佳鑫,雷利宏
QT-HT-2026-3069,杭州豪盛机电工贸有限公司,杭州豪盛机电工贸有限公司-安全生产台账（锦泰）-2024年,0.01,0,0.01,2024-11-29 16:00:00,overdue_terminated,2026-06-26 10:00:07,毛家栋,雷利宏
HZJT20250292,杭州冠锋科技有限公司,杭州冠锋科技有限公司-风险管控（锦泰）-2025年,0.01,0,0.01,2025-10-30 16:00:00,overdue_terminated,2026-06-26 10:00:07,朱越华,丁婷芳
QT-HT-2026-0805,杭州世宏照明有限公司,杭州世宏照明有限公司-风险管控-2021年,0.01,0,0.01,2023-06-04 16:00:00,overdue_terminated,2026-06-26 10:00:05,胡建国,吴增苗
QT-HT-2026-0888,杭州电机有限公司,杭州电机有限公司-社会化服务-2020年,0.01,0,0.01,2020-04-13 16:00:00,overdue_terminated,2026-06-26 10:00:03,姜发水,姜发水
QT-HT-2026-1743,杭州中天科技有限公司,杭州中天科技有限公司-社会化服务-2022年,0.01,0,0.01,2022-08-11 16:00:00,overdue_terminated,2026-06-26 10:00:03,沈琳莉,朱越华
QT-HT-2026-0790,杭州澜海模型设计有限公司,杭州澜海模型设计有限公司-社会化服务（锦泰）-2021年,0.01,0,0.01,2022-04-22 16:00:00,overdue_terminated,2026-06-26 10:00:03,陈涛,姜发水
QT-HT-2026-1620,杭州富喜液压机械有限公司,杭州富喜液压机械有限公司-标准化换证-2022年,0.01,0,0.01,2023-05-30 16:00:00,overdue_terminated,2026-06-26 10:00:03,沈琳莉,倪越昌
QT-HT-2026-0512,德清进申金属制品有限公司,德清进申金属制品有限公司-标准化换证-2021年,0.01,0,0.01,2022-02-28 16:00:00,overdue_terminated,2026-06-26 10:00:03,沈琳莉,朱越华
QT-HT-2026-0692,杭州千佳洗涤有限公司,杭州千佳洗涤有限公司-社会化服务-2020年,0.01,0,0.01,2021-06-14 16:00:00,overdue_terminated,2026-06-26 10:00:02,丁婷芳,朱越华
QT-HT-2026-0688,杭州爵美商业展示有限公司,杭州爵美商业展示有限公司-社会化服务-2020年,0.01,0,0.01,2021-09-19 16:00:00,overdue_terminated,2026-06-26 10:00:02,丁婷芳,朱越华
QT-HT-2026-1578,浙江华云信息科技有限公司智慧能源服务分公司,浙江华云信息科技有限公司智慧能源服务分公司-风险管控-2022年,0.01,0,0.01,2022-03-30 16:00:00,overdue_terminated,2026-06-26 10:00:02,胡建国,朱越华
QT-HT-2026-1126,杭州铂卓装饰工程有限公司,杭州铂卓装饰工程有限公司-社会化服务-2020年,0.01,0,0.01,2020-08-05 16:00:00,overdue_terminated,2026-06-26 10:00:02,姜发水,姜发水
QT-HT-2026-1337,杭州车言堂科技有限公司,杭州车言堂科技有限公司-标准化咨询-2020年,0.01,0,0.01,2022-09-30 16:00:00,overdue_terminated,2026-06-26 10:00:02,周晓晴,朱越华
HZJT20250142,杭州厘米钣金智造有限公司,杭州厘米钣金智造有限公司-风险管控（锦泰）-2025年,0.01,0,0.01,2025-07-30 16:00:00,overdue_terminated,2026-06-26 10:00:02,雷利宏,胡建国
QT-HT-2026-1449,杭州九钻机械有限公司,杭州九钻机械有限公司-社会化服务-2019年,0.01,0,0.01,2023-05-28 16:00:00,overdue_terminated,2026-06-26 10:00:02,姜发水,朱越华
QT-HT-2026-0262,杭州万谦汇科技有限公司,杭州万谦汇科技有限公司-社会化服务（锦泰）-2021年,0.01,0,0.01,2021-03-10 16:00:00,overdue_terminated,2026-06-26 10:00:02,褚豪亮,褚豪亮
QT-HT-2026-1396,杭州沃通食品有限公司,杭州沃通食品有限公司-社会化服务（华增）-2021年,0.01,0,0.01,2022-11-13 16:00:00,overdue_terminated,2026-06-26 10:00:02,丁婷芳,吴增苗
QT-HT-2026-0336,浙江金三原精密机械有限公司,浙江金三原精密机械有限公司-标准化换证-2020年,0.01,0,0.01,2023-10-17 16:00:00,overdue_terminated,2026-06-26 10:00:03,沈琳莉,朱越华
QT-HT-2026-1553,杭州奥宏家居有限公司,杭州奥宏家居有限公司-标准化换证-2022年,0.01,0,0.01,2023-03-30 16:00:00,overdue_terminated,2026-06-26 10:00:03,沈琳莉,倪越昌
QT-HT-2026-0833,杭州余杭超友食品有限公司,杭州余杭超友食品有限公司-标准化换证-2021年,0.01,0,0.01,2022-04-30 16:00:00,overdue_terminated,2026-06-26 10:00:03,许海菲,朱越华
QT-HT-2026-1556,杭州邦科智能科技有限公司,杭州邦科智能科技有限公司-标准化换证-2022年,0.01,0,0.01,2023-03-30 16:00:00,overdue_terminated,2026-06-26 10:00:03,沈琳莉,倪越昌
QT-HT-2026-1518,杭州西子混凝土有限公司,杭州西子混凝土有限公司-标准化咨询-2022年,0.01,0,0.01,2023-02-27 16:00:00,overdue_terminated,2026-06-26 10:00:03,沈琳莉,朱越华
QT-HT-2026-1410,杭州慧杭包装有限公司,杭州慧杭包装有限公司-风险管控-2021年,0.01,0,0.01,2023-01-30 16:00:00,overdue_terminated,2026-06-26 10:00:03,陈卫杰,沈琳莉
QT-HT-2026-1017,杭州合晟环保科技有限公司,杭州合晟环保科技有限公司-风险管控-2021年,0.01,0,0.01,2021-09-29 16:00:00,overdue_terminated,2026-06-26 10:00:03,胡建国,陈卫杰
QT-HT-2026-0409,杭州鑫豪速递有限公司,杭州鑫豪速递有限公司-标准化咨询-2019年,0.01,0,0.01,2021-12-29 16:00:00,overdue_terminated,2026-06-26 10:00:03,沈琳莉,朱越华
QT-HT-2026-1106,杭州永旭汽车维修服务有限公司,杭州永旭汽车维修服务有限公司-风险管控-2021年,0.01,0,0.01,2021-09-30 16:00:00,overdue_terminated,2026-06-26 10:00:03,胡建国,吴增苗
QT-HT-2026-1586,浙江泰鼎家具有限公司,浙江泰鼎家具有限公司-标准化换证-2022年,0.01,0,0.01,2023-09-11 16:00:00,overdue_terminated,2026-06-26 10:00:04,褚豪亮,叶绿明
QT-HT-2026-1559,杭州精美印制有限公司,杭州精美印制有限公司-标准化换证-2022年,0.01,0,0.01,2023-03-30 16:00:00,overdue_terminated,2026-06-26 10:00:04,康翠云,倪越昌
QT-HT-2026-1541,杭州御府汽车服务有限公司,杭州御府汽车服务有限公司-社会化服务（锦泰）-2022年,0.01,0,0.01,2022-12-13 16:00:00,overdue_terminated,2026-06-26 10:00:04,陈涛,陈涛
QT-HT-2026-0693,杭州余杭区塘栖镇巾雅洗涤服务部,杭州余杭区塘栖镇巾雅洗涤服务部-社会化服务-2020年,0.01,0,0.01,2021-06-18 16:00:00,overdue_terminated,2026-06-26 10:00:04,丁婷芳,朱越华
QT-HT-2026-0854,杭州旭锐金属制品有限公司,杭州旭锐金属制品有限公司-标准化换证-2021年,0.01,0,0.01,2022-04-30 16:00:00,overdue_terminated,2026-06-26 10:00:04,沈琳莉,倪越昌
QT-HT-2026-0105,浙江汉诺威包装科技有限公司,浙江汉诺威包装科技有限公司-社会化服务-2020年,0.01,0,0.01,2021-11-07 16:00:00,overdue_terminated,2026-06-26 10:00:04,彭代中,姜发水
QT-HT-2026-0969,杭州烨阳机电设备制造有限公司,杭州烨阳机电设备制造有限公司-风险管控-2021年,0.01,0,0.01,2021-08-31 16:00:00,overdue_terminated,2026-06-26 10:00:04,胡建国,吴增苗
QT-HT-2026-1762,杭州新启新纺织有限公司,杭州新启新纺织有限公司-风险管控-2022年,0.01,0,0.01,2022-09-29 16:00:00,overdue_terminated,2026-06-26 10:00:04,潘海朋,朱越华
QT-HT-2026-1566,杭州澜海模型设计有限公司,杭州澜海模型设计有限公司-社会化服务-2022年,0.01,0,0.01,2023-04-22 16:00:00,overdue_terminated,2026-06-26 10:00:04,陈涛,陈涛
QT-HT-2026-0924,杭州协伦科技有限公司,杭州协伦科技有限公司-社会化服务-2021年,0.01,0,0.01,2022-06-16 16:00:00,overdue_terminated,2026-06-26 10:00:04,谭泓亮,叶绿明
QT-HT-2026-1345,杭州马上自动化科技有限公司,杭州马上自动化科技有限公司-标准化咨询-2020年,0.01,0,0.01,2021-05-31 16:00:00,overdue_terminated,2026-06-26 10:00:04,沈琳莉,朱越华
QT-HT-2026-0766,杭州五科科技有限公司,杭州五科科技有限公司-风险管控-2021年,0.01,0,0.01,2021-06-05 16:00:00,overdue_terminated,2026-06-26 10:00:04,彭代中,吴增苗
QT-HT-2026-1555,杭州高至极纺织有限公司,杭州高至极纺织有限公司-标准化换证（锦泰）-2022年,0.01,0,0.01,2023-03-30 16:00:00,overdue_terminated,2026-06-26 10:00:04,沈琳莉,倪越昌
QT-HT-2026-0931,杭州中联节能材料有限公司,杭州中联节能材料有限公司-风险管控-2021年,0.01,0,0.01,2021-06-30 16:00:00,overdue_terminated,2026-06-26 10:00:04,陈卫杰,陈卫杰
QT-HT-2026-0690,杭州铭莎服饰有限公司,杭州铭莎服饰有限公司-社会化服务-2020年,0.01,0,0.01,2021-06-17 16:00:00,overdue_terminated,2026-06-26 10:00:04,丁婷芳,陈卫杰
QT-HT-2026-2265,艾迪机器（杭州）有限公司,艾迪机器（杭州）有限公司-危化品专家意见书-2023年,0.01,0,0.01,2023-08-30 16:00:00,overdue_terminated,2026-06-26 10:00:04,叶绿明,吴增苗
QT-HT-2026-1285,杭州余杭区五杭兴昌码头,杭州余杭区五杭兴昌码头-风险管控-2021年,0.01,0,0.01,2021-11-30 16:00:00,overdue_terminated,2026-06-26 10:00:04,潘海朋,姜发水
QT-HT-2026-0810,杭州天翔标识有限公司,杭州天翔标识有限公司-社会化服务（锦泰）-2021年,0.01,0,0.01,2022-04-28 16:00:00,overdue_terminated,2026-06-26 10:00:04,姜发水,姜发水
QT-HT-2026-1902,杭州宣瑞机械有限公司,杭州宣瑞机械有限公司-安全生产台账-2022年,0.01,0,0.01,2022-12-30 16:00:00,overdue_terminated,2026-06-26 10:00:04,沈琳莉,朱越华
QT-HT-2026-0772,杭州余杭帮达织造厂,杭州余杭帮达织造厂-标准化换证-2020年,0.01,0,0.01,2021-05-31 16:00:00,overdue_terminated,2026-06-26 10:00:04,褚豪亮,朱越华
QT-HT-2026-0708,杭州珈牡科技有限公司,杭州珈牡科技有限公司-标准化换证-2021年,0.01,0,0.01,2022-04-30 16:00:00,overdue_terminated,2026-06-26 10:00:04,沈琳莉,倪越昌
QT-HT-2026-2084,杭州迪迪商展文化发展有限公司,杭州迪迪商展文化发展有限公司-风险管控-2023年,0.01,0,0.01,2024-03-30 16:00:00,overdue_terminated,2026-06-26 10:00:04,段绘新,段绘新
QT-HT-2026-2115,杭州晟彩针织服饰有限公司,杭州晟彩针织服饰有限公司-安全生产台账-2023年,0.01,0,0.01,2023-05-30 16:00:00,overdue_terminated,2026-06-26 10:00:04,沈琳莉,朱越华
QT-HT-2026-1607,杭州鑫博晟智能装备有限公司,杭州鑫博晟智能装备有限公司-标准化咨询-2022年,0.01,0,0.01,2023-04-29 16:00:00,overdue_terminated,2026-06-26 10:00:04,俞红霞,吴增苗
QT-HT-2026-1136,杭州求真彩印包装有限公司,杭州求真彩印包装有限公司-社会化服务-2020年,0.01,0,0.01,2021-07-11 16:00:00,overdue_terminated,2026-06-26 10:00:04,姜发水,姜发水
HZQT20250027,杭州妍俊广告制作有限公司,杭州妍俊广告制作有限公司-其它-2025年,0.01,0,0.01,2025-02-27 16:00:00,overdue_terminated,2026-06-26 10:00:05,朱越华,朱越华
QT-HT-2026-1612,杭州中河电子器材有限公司,杭州中河电子器材有限公司-标准化换证-2022年,0.01,0,0.01,2023-05-30 16:00:00,overdue_terminated,2026-06-26 10:00:05,沈琳莉,徐德国
QT-HT-2026-1770,杭州盛熠丝绸有限公司,杭州盛熠丝绸有限公司-标准化换证-2022年,0.01,0,0.01,2023-08-30 16:00:00,overdue_terminated,2026-06-26 10:00:05,沈琳莉,倪越昌
QT-HT-2026-0002,杭州瑞格新材料科技有限公司,杭州瑞格新材料科技有限公司-标准化咨询-2021年,0.01,0,0.01,2024-02-26 16:00:00,overdue_terminated,2026-06-26 10:00:05,沈琳莉,朱越华
QT-HT-2026-0067,浙江昊天检测技术服务有限公司,浙江昊天检测技术服务有限公司-标准化咨询-2020年,0.01,0,0.01,2020-12-31 16:00:00,overdue_terminated,2026-06-26 10:00:05,沈琳莉,陈卫杰
QT-HT-2026-2132,杭州天木家具有限公司,杭州天木家具有限公司-风险管控-2023年,0.01,0,0.01,2023-09-11 16:00:00,overdue_terminated,2026-06-26 10:00:05,叶绿明,朱越华
QT-HT-2026-2194,杭州兜兜纺织品制造有限公司,杭州兜兜纺织品制造有限公司-安全生产台账-2023年,0.01,0,0.01,2023-05-30 16:00:00,overdue_terminated,2026-06-26 10:00:05,孙国茗,丁红英
QT-HT-2026-0203,杭州元力链传动有限公司,杭州元力链传动有限公司-风险管控-2020年,0.01,0,0.01,2022-11-30 16:00:00,overdue_terminated,2026-06-26 10:00:05,叶绿明,朱越华
QT-HT-2026-2220,杭州三强安全防护用品有限公司,杭州三强安全防护用品有限公司-标准化咨询-2021年,0.01,0,0.01,2024-04-29 16:00:00,overdue_terminated,2026-06-26 10:00:05,沈琳莉,朱越华
QT-HT-2026-2253,杭州明宇鑫废旧金属回收有限公司,杭州明宇鑫废旧金属回收有限公司-安全生产台账（锦泰）-2023年,0.01,0,0.01,2023-11-16 16:00:00,overdue_terminated,2026-06-26 10:00:05,赵丽琴,叶绿明
QT-HT-2026-2266,艾迪机器（杭州）有限公司,艾迪机器（杭州）有限公司-安全生产台账-2023年,0.01,0,0.01,2023-07-30 16:00:00,overdue_terminated,2026-06-26 10:00:05,褚豪亮,吴增苗
QT-HT-2026-2282,杭州宏鸣家纺有限公司,杭州宏鸣家纺有限公司-安全生产台账-2023年,0.01,0,0.01,2024-05-07 16:00:00,overdue_terminated,2026-06-26 10:00:05,赵丽琴,叶绿明
QT-HT-2026-0275,杭州军途重卡汽车服务有限公司,杭州军途重卡汽车服务有限公司-社会化服务-2021年,0.01,0,0.01,2024-03-02 16:00:00,overdue_terminated,2026-06-26 10:00:05,丁婷芳,姜发水
QT-HT-2026-2987,杭州径山畜禽屠宰有限公司,杭州径山畜禽屠宰有限公司-安全生产台账-2023年,0.01,0,0.01,2023-08-30 16:00:00,overdue_terminated,2026-06-26 10:00:05,黄杰,胡建国
QT-HT-2026-0362,杭州创伟纺织有限公司,杭州创伟纺织有限公司-标准化换证-2020年,0.01,0,0.01,2020-12-29 16:00:00,overdue_terminated,2026-06-26 10:00:05,许海菲,姜发水
QT-HT-2026-3012,杭州益弘科技有限公司,杭州益弘科技有限公司-安全生产台账-2024年,0.01,0,0.01,2025-05-22 16:00:00,overdue_terminated,2026-06-26 10:00:05,赵丽琴,赵丽琴
QT-HT-2026-2370,杭州益弘科技有限公司,杭州益弘科技有限公司-安全生产台账-2023年,0.01,0,0.01,2024-05-22 16:00:00,overdue_terminated,2026-06-26 10:00:05,赵丽琴,叶绿明
QT-HT-2026-2369,杭州蓝赛电子科技有限公司,杭州蓝赛电子科技有限公司-安全生产台账-2023年,0.01,0,0.01,2024-05-22 16:00:00,overdue_terminated,2026-06-26 10:00:05,赵丽琴,叶绿明
QT-HT-2026-0396,杭州飞昂机械制造有限公司,杭州飞昂机械制造有限公司-标准化换证-2021年,0.01,0,0.01,2021-12-29 16:00:00,overdue_terminated,2026-06-26 10:00:05,沈琳莉,倪越昌
QT-HT-2026-2418,杭州余杭区仁和街道和益建材经营部,杭州余杭区仁和街道和益建材经营部-风险管控-2023年,0.01,0,0.01,2023-10-30 16:00:00,overdue_terminated,2026-06-26 10:00:05,方晔华,赵吕军
QT-HT-2026-2417,杭州余杭区仁和街道和益建材经营部,杭州余杭区仁和街道和益建材经营部-社会化服务-2023年,0.01,0,0.01,2023-06-03 16:00:00,overdue_terminated,2026-06-26 10:00:05,沈琳莉,赵吕军
QT-HT-2026-0477,杭州科力光电科技有限公司,杭州科力光电科技有限公司-社会化服务-1991年,0.01,0,0.01,2021-12-31 16:00:00,overdue_terminated,2026-06-26 10:00:05,沈琳莉,朱越华
QT-HT-2026-0552,杭州吉时语科技有限公司,杭州吉时语科技有限公司-风险管控-2021年,0.01,0,0.01,2023-05-18 16:00:00,overdue_terminated,2026-06-26 10:00:05,胡建国,吴增苗
QT-HT-2026-2618,杭州永鑫玻璃有限公司,杭州永鑫玻璃有限公司-安全生产台账-2023年,0.01,0,0.01,2024-07-24 16:00:00,overdue_terminated,2026-06-26 10:00:05,丁婷芳,丁婷芳
QT-HT-2026-2615,杭州永鑫玻璃有限公司,杭州永鑫玻璃有限公司-风险管控-2023年,0.01,0,0.01,2023-09-29 16:00:00,overdue_terminated,2026-06-26 10:00:05,何俊,丁婷芳
QT-HT-2026-0646,杭州钛美环保科技有限公司,杭州钛美环保科技有限公司-风险管控-2020年,0.01,0,0.01,2020-12-29 16:00:00,overdue_terminated,2026-06-26 10:00:05,桐乡,朱越华
QT-HT-2026-2664,杭州源景链传动有限公司,杭州源景链传动有限公司-安全生产台账-2023年,0.01,0,0.01,2023-08-30 16:00:00,overdue_terminated,2026-06-26 10:00:05,孙国茗,孙国茗
QT-HT-2026-0695,杭州嘉鹏钢带有限公司,杭州嘉鹏钢带有限公司-社会化服务-2020年,0.01,0,0.01,2021-06-01 16:00:00,overdue_terminated,2026-06-26 10:00:05,丁婷芳,朱越华
QT-HT-2026-0709,杭州科瑞尔制冷科技有限公司,杭州科瑞尔制冷科技有限公司-标准化换证-2021年,0.01,0,0.01,2021-04-30 16:00:00,overdue_terminated,2026-06-26 10:00:05,沈琳莉,倪越昌
QT-HT-2026-2718,杭州昊泽纺织有限公司,杭州昊泽纺织有限公司-安全生产台账-2023年,0.01,0,0.01,2024-09-12 16:00:00,overdue_terminated,2026-06-26 10:00:05,孙国茗,孙国茗
QT-HT-2026-2747,杭州富越精密金属制造有限公司,杭州富越精密金属制造有限公司-危化品专家意见书-2023年,0.01,0,0.01,2023-11-29 16:00:00,overdue_terminated,2026-06-26 10:00:05,段绘新,段绘新
QT-HT-2026-2745,杭州勇成机械有限公司,杭州勇成机械有限公司-危化品专家意见书-2023年,0.01,0,0.01,2023-11-29 16:00:00,overdue_terminated,2026-06-26 10:00:05,段绘新,段绘新
QT-HT-2026-0773,浙江鼎瑞机械制造有限公司,浙江鼎瑞机械制造有限公司-标准化换证-2021年,0.01,0,0.01,2021-04-24 16:00:00,overdue_terminated,2026-06-26 10:00:05,许海菲,朱越华
QT-HT-2026-2776,杭州隆盛汽车维修有限公司,杭州隆盛汽车维修有限公司-危化品专家意见书-2023年,0.01,0,0.01,2023-12-30 16:00:00,overdue_terminated,2026-06-26 10:00:05,陈尔平,赵丽琴
QT-HT-2026-1152,杭州佳禾围巾加工有限公司,杭州佳禾围巾加工有限公司-社会化服务-2019年,0.01,0,0.01,2020-08-04 16:00:00,overdue_terminated,2026-06-26 10:00:01,褚豪亮,朱越华
QT-HT-2026-2811,歌浪（杭州）环境科技有限公司,歌浪（杭州）环境科技有限公司-风险管控-2023年,0.01,0,0.01,2025-10-30 16:00:00,overdue_terminated,2026-06-26 10:00:05,赵吕军,赵吕军
QT-HT-2026-2839,杭州典昌装饰工程有限公司,杭州典昌装饰工程有限公司-危化品专家意见书-2023年,0.01,0,0.01,2023-12-30 16:00:00,overdue_terminated,2026-06-26 10:00:05,徐德国,孙国茗
QT-HT-2026-2840,杭州惠比须包材有限公司,杭州惠比须包材有限公司-危化品专家意见书-2023年,0.01,0,0.01,2023-10-30 16:00:00,overdue_terminated,2026-06-26 10:00:05,陈尔平,陈尔平
QT-HT-2026-0922,杭州欧齐家具有限公司,杭州欧齐家具有限公司-标准化咨询-2021年,0.01,0,0.01,2022-05-31 16:00:00,overdue_terminated,2026-06-26 10:00:05,沈琳莉,叶绿明
QT-HT-2026-2914,杭州孟宝龙广告有限公司,杭州孟宝龙广告有限公司-危化品专家意见书-2023年,0.01,0,0.01,2024-01-06 16:00:00,overdue_terminated,2026-06-26 10:00:05,段绘新,叶绿明
QT-HT-2026-2916,杭州顺业广告标识工程有限公司,杭州顺业广告标识工程有限公司-危化品专家意见书-2023年,0.01,0,0.01,2024-01-30 16:00:00,overdue_terminated,2026-06-26 10:00:05,陈尔平,叶绿明
QT-HT-2026-2930,杭州华奔机械有限公司,杭州华奔机械有限公司-安全生产台账（锦泰）-2023年,0.01,0,0.01,2024-12-07 16:00:00,overdue_terminated,2026-06-26 10:00:05,沈陈强,陈涛
QT-HT-2026-1005,杭州元滨科技有限公司,杭州元滨科技有限公司-风险管控-2021年,0.01,0,0.01,2021-08-28 16:00:00,overdue_terminated,2026-06-26 10:00:05,胡建国,陈卫杰
QT-HT-2026-2985,杭州博洲电器有限公司,杭州博洲电器有限公司-危化品专家意见书-2023年,0.01,0,0.01,2024-01-30 16:00:00,overdue_terminated,2026-06-26 10:00:05,徐德国,沈琳莉
QT-HT-2026-2986,杭州余杭塘栖电器五金厂,杭州余杭塘栖电器五金厂-安全生产台账-2023年,0.01,0,0.01,2023-05-30 16:00:00,overdue_terminated,2026-06-26 10:00:05,丁婷芳,沈琳莉
HZQT20240022,杭州可明电子科技有限公司,杭州可明电子科技有限公司-危化品专家意见书-2024年,0.01,0,0.01,2024-02-10 16:00:00,overdue_terminated,2026-06-26 10:00:05,周晓晴,吴增苗
QT-HT-2026-1099,杭州鼎诺建材有限公司,杭州鼎诺建材有限公司-社会化服务-2021年,0.01,0,0.01,2022-06-16 16:00:00,overdue_terminated,2026-06-26 10:00:05,谭泓亮,叶绿明
HZJT2024021,杭州径山实业有限公司,杭州径山实业有限公司-危化品专家意见书（锦泰）-2024年,0.01,0,0.01,2024-05-30 16:00:00,overdue_terminated,2026-06-26 10:00:05,徐德国,徐德国
QT-HT-2026-1142,杭州西子复合衬有限公司,杭州西子复合衬有限公司-标准化换证-2021年,0.01,0,0.01,2021-08-30 16:00:00,overdue_terminated,2026-06-26 10:00:05,沈琳莉,倪越昌
HZJT20240037,杭州恒瑜服饰有限公司,杭州恒瑜服饰有限公司-安全生产台账（锦泰）-2024年,0.01,0,0.01,2024-03-26 16:00:00,overdue_terminated,2026-06-26 10:00:05,施佳鑫,施佳鑫
HZQT20240104,杭州泰东装饰工程有限公司,杭州泰东装饰工程有限公司-安全生产台账-2024年,0.01,0,0.01,2025-03-24 16:00:00,overdue_terminated,2026-06-26 10:00:05,孙国茗,陈涛
QT-HT-2026-3005,杭州余杭区瓶窑镇鼎越金属加工厂,杭州余杭区瓶窑镇鼎越金属加工厂-安全生产台账-2024年,0.01,0,0.01,2024-05-30 16:00:00,overdue_terminated,2026-06-26 10:00:06,沈陈强,沈陈强
QT-HT-2026-1339,杭州港澳汽车服务有限公司,杭州港澳汽车服务有限公司-标准化咨询-2020年,0.01,0,0.01,2022-04-30 16:00:00,overdue_terminated,2026-06-26 10:00:06,周晓晴,朱越华
HZQT20240164-DUP1,浙江蓝海星盐制品有限公司,浙江蓝海星盐制品有限公司-安全生产台账-2024年,0.01,0,0.01,2024-05-30 16:00:00,overdue_terminated,2026-06-26 10:00:06,沈琳莉,陈尔平
QT-HT-2026-3011,杭州蓝赛电子科技有限公司,杭州蓝赛电子科技有限公司-安全生产台账-2024年,0.01,0,0.01,2025-05-22 16:00:00,overdue_terminated,2026-06-26 10:00:06,赵丽琴,赵丽琴
QT-HT-2026-1514,杭州余杭双溪金塔涂装厂,杭州余杭双溪金塔涂装厂-标准化咨询-2022年,0.01,0,0.01,2025-02-27 16:00:00,overdue_terminated,2026-06-26 10:00:06,俞红霞,吴增苗
QT-HT-2026-1561,杭州百威橱柜有限公司,杭州百威橱柜有限公司-标准化换证-2022年,0.01,0,0.01,2023-03-30 16:00:00,overdue_terminated,2026-06-26 10:00:06,沈琳莉,倪越昌
QT-HT-2026-1589,杭州纬昌新材料有限公司,杭州纬昌新材料有限公司-标准化换证-2022年,0.01,0,0.01,2023-04-29 16:00:00,overdue_terminated,2026-06-26 10:00:06,沈琳莉,倪越昌
QT-HT-2026-1595,杭州唯登鞋业有限公司,杭州唯登鞋业有限公司-应急预案-2022年,0.01,0,0.01,2023-04-29 16:00:00,overdue_terminated,2026-06-26 10:00:06,段绘新,段绘新
QT-HT-2026-1634,杭州天盈金属制品有限公司,杭州天盈金属制品有限公司-标准化换证-2022年,0.01,0,0.01,2023-05-08 16:00:00,overdue_terminated,2026-06-26 10:00:06,俞红霞,朱越华
HZQT20240289,德清进申金属制品有限公司,德清进申金属制品有限公司-安全生产台账-2024年,0.01,0,0.01,2025-07-27 16:00:00,overdue_terminated,2026-06-26 10:00:06,李文俊,沈琳莉
QT-HT-2026-1658,杭州先家展具有限公司,杭州先家展具有限公司-安全生产台账-2022年,0.01,0,0.01,2022-06-29 16:00:00,overdue_terminated,2026-06-26 10:00:06,沈琳莉,沈琳莉
HZJT20240215,杭州迈洛可制造科技有限公司,杭州迈洛可制造科技有限公司-危化品专家意见书（锦泰）-2024年,0.01,0,0.01,2024-09-29 16:00:00,overdue_terminated,2026-06-26 10:00:06,徐德国,杨殿斌
HZQT20240309,立凯生物技术（杭州）有限公司,立凯生物技术（杭州）有限公司-风险管控-2024年,0.01,0,0.01,2024-10-30 16:00:00,overdue_terminated,2026-06-26 10:00:06,胡建国,朱越华
